Category,Identified Issue Pattern,Severity,Standard Remediation Action,Effort / Time to Fix,Operational Impact,Responsible Role,Technical Notes / Method
Zoho CRM,Stale Deals (>60 days inactive),CRITICAL,Deploy Deal Aging Workflow with automated notification alerts to deal owners and auto-stage escalation to Dormant Review queue,1-2 Days,Restores pipeline velocity and eliminates revenue leakage,Zoho Administrator,Settings > Automation > Workflow Rules > Criteria: Modified Time > 60
Zoho CRM,Untouched Leads / Missing Lead Status,MEDIUM,Enforce mandatory Lead Status on page layouts and configure automatic default status New on record creation,4-6 Hours,Prevents inbound lead drop-off and standardizes qualification tracking,CRM Configurator,Settings > Customization > Modules and Fields > Layout Rules
Zoho CRM,Inactive / Missing Lead Assignment Rules,CRITICAL,Configure round-robin territory assignment rules with instant mobile push notifications and 2-hour SLA re-assignment,1-2 Days,Eliminates single-admin bottleneck and guarantees 15-minute lead response,Sales Operations Lead,Settings > Automation > Lead Assignment Rules > Round Robin
Zoho CRM,Overprivileged Standard User Profiles (Bulk Export/Delete),CRITICAL,Revoke global Export Data and Delete Records permissions from non-admin sales profiles; restrict to designated Compliance Officer,2-4 Hours,Eliminates enterprise customer database exfiltration risk,Security Administrator,Settings > Users and Control > Security Control > Profiles
Zoho CRM,Pipeline Stage Stagnation / Missing Exit Criteria,MEDIUM,Implement Zoho CRM Blueprint state machine with mandatory checklist fields and transition approval triggers,1-2 Weeks,Enforces sales process governance and accurate forecasting probabilities,Lead Systems Architect,Settings > Automation > Blueprint > Deals Pipeline
Zoho Desk,Missing SLA Policies for Secondary Departments,CRITICAL,Create departmental SLA contracts with tiered warning alerts at 75% elapsed duration and supervisor escalations,2-3 Days,Restores resolution predictability and protects customer satisfaction,Support Operations Lead,Desk Setup > General > SLA & Escalation
Zoho Desk,Unassigned Ticket Queue Accumulation,MEDIUM,Configure criteria-based skill and round-robin routing rules mapped directly to agent availability schedules,1-2 Days,Eliminates ticket stagnation and reduces first-response time by 45%,Zoho Desk Administrator,Desk Setup > Automation > Assignment Rules
Zoho Books,Unsynchronized Customers & Missing Tax IDs (GSTIN),CRITICAL,Implement bidirectional CRM Accounts to Books Customers sync with field validation and mandatory Tax ID checks,1-2 Weeks,Guarantees tax compliance and eliminates invoice creation errors,Deluge Developer,Zoho Flow / Custom Deluge Function with GSTIN validation
Zoho Books,Overdue Receivables & Manual Payment Follow-up,MEDIUM,"Activate automated multi-tier payment reminders at +3, +7, and +14 days with embedded direct payment gateway links",1 Day,Accelerates accounts receivable collections and improves operating cashflow,Finance Lead,Books Settings > Reminders > Automated Payment Reminders
Cross-App Sync,Desk Support Escalations Invisible Inside CRM Deals,MEDIUM,Embed Zoho Desk support health telemetry and active escalation widgets directly into CRM Deal and Account views,2-3 Days,Equips account executives with real-time customer health visibility during renewals,Zoho Suite Consultant,Zoho CRM Marketplace > Zoho Desk Extension configuration
Cross-App Sync,Deal-to-Invoice Webhook Conversion Silent Failures,CRITICAL,Deploy automated retry logic with exponential backoff and error logging queue for failed webhook payload transactions,3-5 Days,Prevents lost billing transactions and duplicate invoice creation,Deluge Developer,CRM Custom Function with try-catch fallback and audit log module
